"Just Saw people are posting Pics of IPL & UCL Trophy and Calling them Cup Double :D Matlab Kuch Bhi :D","0","0"
"@sharathmypadi yeah. Nect yeat for sure aftet inclusion of @mstarc56 :) Waiting for final decision on mini ipl too.","0","0"
"As #IPL is over no more CrockRoch are on my tv screens..:)... I'm so happy... #ROCHelle","0","0"
"Yep. Scrap kiya. It was boring anyways. BBL is ok to watch separately. IPL is better off independently :) https://twitter.com/imGkhosla/status/737217865435074560 …","0","0"
"I wonder if the guy who lost his wife in the IPL game bet, knew the script but did it anyway :)","0","0"
"@cricketnext @ShuklaRajiv hence Mumbai didn't win :) One of the matches in IPL 2 years ago seemed obviously fixed. RR vs MI when RR lost","0","0"
"And the most engaging tweet of #IPL for me :P","0","0"
"@WhoSunilGrover IPL Tune pe esa pagl pan b kar skte the mene to socha b nae tha :) all roles of yours are best sir pic.twitter.com/k47o00wNd5","26.494137","88.2388162"
"Shit People Say During #IPL #IPL16 http://bit.ly/24ghjeC  #funsake :D","0","0"
"Congrats @SunRisers on winning their maiden #IPL trophy :) pic.twitter.com/aLnklxFHzb","0","0"
"Good Noon Friends :) I know it is gonna be difficult for most of us to keep ourselves occupied during the eve hrs as we were glued to IPl :D","0","0"
"@Fenda_India You made #IPL more Superb with Amazing Contest for a long time I really enjoyed it a lot. But wish to win once with you :)","0","0"
"@MailOnline Not a single word about ipl ?? Ae you sad that jordan lost and morgan being left out :P :D ? True patriot you are. @IPL","0","0"
". @YUVSTRONG12 Pose with the IPL Trophy :) pic.twitter.com/7nAdFNALxX","0","0"
"Chokers :O Then MSD Choked 4 Times in IPL Final acc to Your Logic His Team Biggest Choker Than RCB :P https://twitter.com/SRKsRider/status/737173621974519808 …","0","0"
"The FA Cup first, Jose Mourinho (still not sure about this :-/) and then the IPL! Not a bad week at all! :D #MUFC #SRH","0","0"
"How brilliant was he last night! :) @Cuttsy31 #IPLFinal #RCBvSRH @IPL @SunRisers @SunrisersFC @SunrisersTeamhttps://twitter.com/ballr/status/737169941338656769 …","0","0"
"Best IPL XI :P VIRAT ( C ) Warner AB Rohit Rahul ( WK ) Yusuf Kurnal Bhuvi Zampa Chahal Mustafizur https://twitter.com/BrokenCricket/status/737140445927510017 …","0","0"
"Yesterday night IPL was trending on Top on Twitter, FB and Instagram. Meanwhile Pak Fans- But But PSL is bigger and better than Fixed IPL :D","0","0"
"@dreampdl hahahaha..maile ta vanekai ho...RCB is choker vanera :D ipl jitni kuro RCB ko bas ko kuro haina","0","0"
"Your Crush- IPL Trophy. Her 1st Love- KKR. Her Brother- MI. Her Father- CSK. Her BF- SRH. You- RCB. LMAO XD :D","0","0"
"2 minutes of silence for those who thought the team which finishes at 2nd place will lift the IPL trophy :P @Somoniya #CHAMPIONS 8-)","0","0"
"Massive congrats @TomMoodyCricket & @SunRisers for the IPL title victory. From all @FOXSportsAsia :-)) #IPL2016 #IPLfinal skills big man.","0","0"
"Big Game, Big Victory! Kudos to the team on winning the title :) #OrangeArmy #SRHvsRCB IPL - Indian Premier... http://fb.me/2rKS5Ah7p ","0","0"
"Along with his kit and other belongings, David Warner deserves to take home the IPL trophy and the entire cash prize :P","0","0"
"@imVkohli Even Leo won Oscars at last :) Sure @RCBTweets will win #IPL! Please strengthen bowling unit! #RCBvSRH #IPLfinal #NammaBengaluru","0","0"
"#RCB Most Loved Team of All time.. 4 Time in IPL Final 1 Time in Champion League Final <3 @imVkohli we will wait for Next Year :)","0","0"
"Yes RCB won our hearts..................... Lungs,kidneys,and all parts of our body but Not IPl.:-) #IPLfinal #RCBvSRH","0","0"
"#IPL khatm, ab evening ke liye kuch aur time paas dhoondhna padega :)","22.5524372","75.7565273"
"Thanks @ABVan @rameshsrivats for giving us such a wonderful fantasy @PlayFandromeda for IPL Fantasy 2016 :) https://twitter.com/LOVSFantasy/status/737132360412585984 …","0","0"
"कल IPL का फाइनल हो गया .... और अब आज से मनोरंजन की सारी जिम्मेदारी केजरीवाल और राहुल की ..... :) :)","0","0"
"Top 10 Highest Runs Scores In The History Of IPL :D :) <3 #10 AB De Villiers - 2570 :o #9 Shikhar Dhawan - 2581... http://fb.me/2ff5lqP6h ","0","0"
"Congrats @Sunrisers for winning IPL-9,u played well, Bhuvi is the Best, u deserve this ipl, its difficult task,Party Hard :) #RCBWonHearts","0","0"
"Two minutes of silence for those who are still supporting their IPL favorite teams by their changed profile pic. :P :P","0","0"
"i am done with #RCB . From now on i am a #MI supporter! @VidyutJammwal i am supporting your state IPL team now :D pic.twitter.com/I47WoYYgvT","0","0"
"@SoniaVk18 I'm a diehard fan of him since IPL 2 :)","0","0"
"So glad IPL is over. No more fights on my TL, hopefully. :)","28.6139391","77.2090212"
"Congractz @Mustafiz90 _The fizz. Congratulations for becoming the Emerging Player of IPL 9. You made us proud :) pic.twitter.com/H4pAWGCPYS","0","0"
"Chocking in Big Games Seems To b Birth Right for RCB & SA NEW IPL CHAMPIONS " SunRisers Hydrebad " :) #Warner... http://fb.me/3l2c2Gv4M ","0","0"
"IPL over from today back to routine bored stuff.. No more cricket fan wars in TL happy :)","0","0"
"In the words of @bhogleharsha, when someone says Kohli and ABD don't have an IPL trophy, we should ask whose loss is it more! :) #RCB","0","0"
"Heartiest Congratulations @SunRisers Hyderabad for winning @IPL 2016 :) pic.twitter.com/jOy0QPFi9E","0","0"
"winning ipl team had what? :P 3 aussies and a Bangladeshi as its foreign players? HAHAH! <3","0","0"
"I didn't watch a single IPL match this time :)","0","0"
"@BreadBoy95 lol so didn't follow IPL this season :( but thanks g :)","0","0"
"Kohli didn't win #ThankGod :D . Was the first IPL where I didn't even watch a single game. All these leagues are getting a bit too boring","0","0"
"We were the underdogs n today we r the champions so proud 2 be a Hyderabadi :) #IPL2016 #IPL #Cricket #IPL09 #IPLT20https://twitter.com/ipl/status/737013404276129793 …","0","0"
"@MehdiyaZehra @Umar96Akmal Bhai ne toh warner ko ek hi din mein ipl or psl dono jitwadi :P","0","0"
"@Umar96Akmal @davidwarner31 Aby Jahil Kay PSL Kahan IPL ka final tha :D","0","0"
"#WellPlayedVK :) Ipl trophy deserves u http://fb.me/172PuN3Op ","0","0"
"IPL ends... sunday end... monday started... nd u know suryavansm v have 2 start in set max... ohh god :)","0","0"
"@IPL @SDhawan25 The best team work by #Sunrisers proud to be #Hyderabadi Hard luck to #RCB :P yet a good fight. #IPL2016. #HYDERABAD #Cheers","0","0"
"Finally end to over 50 days of regular heart stopping action,see you again next year #IPL @IPL and hopefully with a new champ :)","0","0"
"@ipl @sdhawan25 !! Congrates Sir Aaj To Chamatkaar Kar Diye SRH !! :-)","0","0"
"@ipl @yuvstrong12 !! Today Yuvi Give Us Happiness So So Happy Thank You Punjab Ke Sher Mmmuah !! :-)","0","0"
"Kya bro @SKsCombat hota h yaar! AB akelaa SF liya AB >>>> IPL :) Baaki RCB aaj 209 ko itna close liya wd no experience in lower order","0","0"
"Orange cap holder Most Valuable Player Maximum Sixes Award Hatsoff @imvkohli IPL 9 would be remembered for U.THANK YOU SO MUCH :)","0","0"
"Congratulations @SunRisers :) You guys totally deserve it! @IPL #IPL2016","7.873053999999999","80.77179699999999"
"#RCBvSRH ben cuttings auction 50lakhs, won ipl 2016 for #OrangeArmy best deal of the year :)","0","0"
"IPL khatam :) Sooryavansham time.","0","0"
"Okay That's end of IPL. Mom, now you can watch your Serials properly from tomorrow :P","0","0"
"Now its time to UnFollow All the accounts which belongs to IPL See u next year till than take a break :)","0","0"
"Back home from the stadium & many congrats to #sunrisershyderabad #SRH on winning the IPL :) @SunRisers were the better side yesterday :)","0","0"
"Virat Kohli :) Man of the Tournament WT20 2014 Man of The Tournament WT20 2016 Most Valuable Player IPL 2016 #Respect","0","0"
"IPL Final shows that Cricket isn't a few mens game, at the end of the day, its team who plays together wins it :D... http://fb.me/2NjrJIsGd ","0","0"
"@oh_yes_abhii as suupporters of dis long ipl season since hyderabad won we all deserve biriyanis :)","0","0"
"ZERO @IPL trophies :D https://twitter.com/merin_kumar/status/736950555176636418 …","0","0"
"To celebrate the End Of IPL, Set Max Will Telecast Suryavansham Whole Day Tomorrow :D","0","0"
"Congrats to @SunRisers for winning the 2016 IPL crown :) you guys really deserve it specially @davidwarner31 @BhuviOfficial & @YUVSTRONG12","0","0"
"#ipl congratulation SR Hydrabad for their 1st IPL victory.:-) :-)","0","0"
"Good news for RCB fans, IPL final was fixed ! :p","0","0"
"That's a first. India rooting for a Pakistani's praise for @bhogleharsha. The @hotstartweets panel for IPL was awesome :D","28.6139391","77.2090212"
"Brilliant from @SunRisers and feeling sad for @imVkohli and @ABdeVilliers17. IPL over, #BleedBlue. @SetSetmax back to Suryavansham from tom :P","0","0"
"Good News for Suryavansam Fans... IPL Over :D :P","0","0"
"IPL CHAMPIONS 2016 #SRH :) :D ...Yessssssss. ...!!! Well played RCB. ..better luck next time. — feeling awesome","0","0"
"@ChennaiIPL #CSK daa !! #RCBvSRH @IPL @msdhoni @ImRaina waiting for 2018 :)pic.twitter.com/CXoiUoJlUP","12.9009877","80.22793009999999"
"@IPL @WeAreHyderabad @SunRisers the best team had won. Love sunrisers hyderabad for winning ipl. Warner hearty congrats :)","0","0"
"AND THE CHAMPIONS OF IPL 2016 IS SUNRISERS HYDERABAD. They deserve it congratulations SRH team and specially David Warner :)","0","0"
"+1 I never thought i will Like This Arrogant Aussie but from This IPL started liking him. What a Great person :) https://twitter.com/vvsstaes/status/737000596402802689 …","0","0"
"Good bye IPL i dont like u but i love rcb nd csk :P","0","0"
"Some trophies don't deserve legends! :))" 2003 World Cup - SACHIN 2016 IPL - virat ,ABD #RCBvSRH","0","0"
"IPL final? Who is champion? Who cares :p Not interested in fixed league, we are #Pakistani, we are #PSL","0","0"
"mean while in Pakistan.. IPL is PSL :D https://twitter.com/Umar96Akmal/status/736983496804163584 …","0","0"
"@ipl !! Best Moments !! :-)","0","0"
"@Raj_4Prince another successful ipl captain 4 seasons 3 playoffs 2 finals 2 trophies 1 man :) @ImRo45","0","0"
"@YUVSTRONG12 Wat a man u r.All the Major titles of Cricket History under your belt. Now time to look for other sport :P Congrtz for IPL Win.","0","0"
"@mana_apple @Hakeematun @Jaqtard thank a lot!! :-) An Australian lifted the IPL trophy again :-)","0","0"
"Bengaluru pipped to the finish line by Hyderabad again Knocked RCB out of IPL,My 2Cents to Kohli for his attitude ,though love his game :-)","0","0"
"Missed almost 60% of IPL this time due to my CA exams. I hope I'll clear them this time else i will feel very bad for missing the IPL. :p","0","0"
"Keep rocking Fizz :) :) Most emerging player of IPL 2016 Best wishes from Voice of Paikgacha :) :) http://fb.me/1hoTZJFVG ","0","0"
"Hyderabad wins the IPL :-) But Bangalore Win the Hearts :-*","0","0"
"#SRH wins the @IPL, @RCBTweets won hearts. Extraordinary IPL for @imVkohli. Happy for @YUVSTRONG12 :) Ab kal se TV pe kya dekhe?","0","0"
"Starc wasnt fit for IPL but is totally fit for ODI match against West Indies on 5th June :P RCB ko choona lagaya usne bhi :P","0","0"
"To celebrate the End Of IPL, Set Max Will Telecast Suryavansham Whole Day Tomorrow :D","0","0"
"17 wkts in the 1st #IPL session... #Mustafiz is da #Champion.... Only "FIZZ" is da real....... :) http://fb.me/F1XMCd4V ","0","0"
"Its always treat to watch @henrygayle Strom on #IPL !! :) Well played as always !!! #RCBvSRH","0","0"
"Again the IPL trophy comes to the hands of 'Chennai' owner... :) #IPL2016","0","0"
"Emerging Player of @IPL is @Mustafiz90 :D Proud of u TIGER! Congratulations on the achievement.","0","0"
"When #ipl started #breakup virat broke all records, when he pathed up, he lost...! #curious #JustSaying...:-)!","0","0"
"@ArmyMomXVI Oh yes I agree! The IPL is very exciting to watch! :-))","0","0"
"Brace ur self frm tomorrow #Sooryavansham :P hehe #RCBvSRH Miss u IPL @mipaltan :(","0","0"
"Being a @iamsrk fan, KKR win over CSK in 2012 IPL final still remains as my favorite. :)","0","0"
"Some trophies don't deserve legends! :))" 2003 World Cup - @sachin_rt 2016 IPL - @imVkohli #RCBvSRH @IPL pic.twitter.com/HRAuV93gEA","0","0"
"@realpreityzinta Hope next year we lift that @IPL Trophy @lionsdenkxip :)","0","0"
"Yesterday #RM win the title of #UEFA CL and today #SRH Wins the #IPL title great to be watch these matches as a supporter :-)","0","0"
"No matter hw much beer u hv but u always end wit a spicy biryani :) #eit20 #IPLfinal #IPL2016 @SonySIX @IPL @IPL_Sports @VivoIPL_India","0","0"
"IPL has been Warnered. SRH are the Champions. :D #HailHydera","0","0"
"Sridevi - Mere Haathon mein nau nau Chudiya hai. Virat Kohli - Meri team mein nau nau chutiya hai. :P. Congrats SRH for IPL win !","0","0"
"মুস্তাফিজের দল জিতলে, জিতে যায় বাংলাদেশ! কংরাচুলেশন কাটার মাস্টার! (y) :) #Fizzz 8-| <3 #IPL #RCBvSRH","0","0"
"now, there will b no ipl tweets :D wooooooow","0","0"
"Another IPL is on its way this September! :D SEE HERE - http://bit.ly/1VoAoee http://fb.me/4AeMxdlTk ","0","0"
"Well led David warner & deserving champs on d big night Sunrisers new champs of @ipl @yuvstrong12 atlst part of ipl winning team too :)","0","0"
"To all the #IPL followers, You bet on the wrong team today...!! Someone made a lot of money thanks to your hopes and he is in UK. :)","0","0"
"Sunrisers Hyd won IPL trophy 2016 congrats to the whole team :) http://fb.me/5sq3ytzJQ ","0","0"
"David Miller .... :) WAT a captain :D MSD' s Apprentice... ;) #Kidu_Captaincy #SRH #YUVI #IPL #Champions_2k16 — feeling awesome","0","0"
"Mustafizur Rahman is the Emerging player of IPL - Indian Premier League 2016 :D :D :D :D :D #TheMagician #OurTiger #হালুম","0","0"
"#RCBvSRH SunRisers Hyderabad are the new IPL - Indian Premier League champions. Well done. well played RCB... :) pic.twitter.com/ldc0YooEIy","0","0"
"Many a times we see #IPL ruin bowlers careers!, for once it #Changed :) #IPLfinal #SRHvsRCB","0","0"
"Sunrisers chamption of IPL 2016 :) Frst IPL trophy fot #Yuvi: Sunrisers chamption of IPL… http://lollutamil.com/lollu/photo/9354/?utm_source=dlvr.it&utm_medium=twitter …pic.twitter.com/r1GTFPY8GG","0","0"
"And thus ends the most amazing IPL ever #IPL2016 Watched almost all matches after such a long time Thanks for wonderful moments God bless :)","0","0"
"#RCBvSRH #Congo for the SRH Orange Army #For winning 2016 vivo IPL trophy #WellDone Captain David Warner (y) #RCB WellPlayed :)","0","0"
"Congratulations To The Sunrisers Hyderabad :) I'm so happy that they won the IPL this season They played very well together.","0","0"
"@samiprajguru @sucheritak @BHARDWAZNITIN 3 Aussie Factors - Warner, Cutting won it 4 SRH & Watson lost it 4 RCB. Great IPL Final anyway :)","0","0"
"IPL में भी भगवा (SRH) छा गया है ;) .. इसमें ज़रूर संघ और मोदी का हाथ है :p #RCBvSRH","0","0"
"See you next year GG, as you can only play in IPL. :) Keep taking digs. Won't matter. https://twitter.com/GautamGambhir/status/736987940035956736 …","0","0"
"The best bowling team out does the best batting team.. N they said it was batsmen game :P #rcbvsrh #ipl finale #srh #rcb","0","0"
"अरुबेला धोतिधोती भनेर गाली गर्ने हामी आज ipl को बहानामा आफैआफै झगडा गर्दैछौ,हाम्रो रास्ट्रभक्ती:D","0","0"
"Congratulations SRH. Well played. RCB you were deserving runners up. Hard luck. Great tournament Vivo IPL Totally Kohlified :)","0","0"
"Class #IPL final, right down to the final few balls, well done #SRH nice one guys :) :)","0","0"
"It's gone, we lost. There is always a next time, this wasn't the last IPL. Trophys SOOOO ours next time, so smile :) #RCB","0","0"
"RCB pulled a South Africa Today :D #IPLfinal #IPL2016 #IPL #SRHvsRCB #OrangeArmy #SRH #RCB","0","0"
"SunrisersHyderabad-new #ipl champions :-) <3 cup madey babai <3 #incrediblewarner #pocketdynamite... http://fb.me/2dFylnawJ ","0","0"
"Two best captains, leading from the front. @imVkohli @davidwarner31 Well done, Sirs :) Great IPL season! #RCBvSRH","0","0"
"For once, ~ seems, majority IPL bookies have lost huge sum :) ~ IPL is conducted with some fairness","0","0"
"Hmm. So unfair. A team without IPL trophy should troll another team with 2 IPL & 2 Champions trophy! :) https://twitter.com/imvnaj/status/735352195080683520?p=v …","0","0"
"@GautamGambhir @SunRisers @IPL @BCCI chair me laat Marne wale Bhi koi nice guy NHI hote :)","0","0"
"T20 HOGAYAAAAA :( IPL HOGAYAAAAA :( . . . . Ab kal se .. kya? WHAT'S NEXT TWITTER WALOOOOOOOO ? :D https://twitter.com/BeInG_lukku/status/736988633543020544 …","0","0"
"@MarihaJabin haha you have millions of reasons to follow @IPL now. Shakib played well as well :) sadly only one Sri Lankan though :(","0","0"
"Saffron rules be it India or @IPL :) #RCBvSRH #SRHvsRCB #eit20 @ndtv @jhunjhunwala @chetan_bhagat","0","0"
"@RaeesUlHaq I don't follow ipl actually. this season was my first time, that too i wtched just a couple of matches. :)","0","0"
"Yayyyyyy Sunrisers won VIVO IPL 2016 .. All bcoz of Sun @davidwarner31 , and Two risers bhuvaneswar an mustafizur :D #RCBvSRH","0","0"
"7 players from IPL finals make it into team of the tournament! :) SEE HERE - http://bit.ly/1TGQX08 http://fb.me/73Wv41bnr ","0","0"
"#ipl2016final #IPL Welldone #SRH ...well played #RCBvSRH Champions... They are the #LeicesterCity of IPL 2016 ..:-)","0","0"
"#D20PremierLeague First IPL for warner.what a player!!!Hats off to him!! :-) #RCBvSRH #D20PremierLeague","0","0"
"Reyy "nice guys" ata :D @gautamgambhir @bcci @ipl @sunrisers","0","0"
"Finally, Biryani (Hyderabadi) beats Beer (Royal Challengers) :D #IPL #RCB #SRH","0","0"
"2 world cup. And now IPL. Only @YUVSTRONG12 can do this. Congrats. My team wins. :) :) :) :D","0","0"
"So now you know what language this song is in :P #IPL https://youtu.be/1aDTGQjEBAw ","0","0"
"well played @davidwarner31 need improvement team SRH congrts ipl over now waiting for big-boss :P #RCBvSRH #IPLfinal #SRHvsRCB","0","0"
"ह्वा IPL मा ब्याट्सम्यानले ४० बलमा १०० रन हान्छन् ह्या आफुलाई १०० मार्क्समा ४० ल्याउन धौ धौ छ ।खै यस्तो तालले के उभि लाग्नु ।:))","0","0"
"& Those RCB fans who were talking about CSK that day. First let your team win a single IPL trophy then talk about CSK :)","0","0"
"#SRHRCB...Big Game, Big Victory! Kudos to the team on winning the title :) #OrangeArmy #SRHvsRCB IPL - Indian Premier League","0","0"
"Kohli, U Missed 3rd IPL FINAL No need to regret Bcoz U r like Fighter and Fighter never Regret :) Next IPl... http://fb.me/77BUuxABo ","0","0"
"Appada Ipl mudinjiduchu... I'm very happy :D :D","0","0"
"@alaindebotton @princessgawry :P every one here fight out for ipl. Ur silently RTing post abt marriage.. hmm hmm","0","0"
"Biryani Debba!! Kingfishers Abba.. SRH Champions IPL 2016 My Home Team <3 Made it! :* :) #FhaattakhePhodo re :'D","0","0"
"So we got a new winner this year! Not quite. Remember Adam Gilchrist's #Deccan_Chargers in #IPL-2? :P The... http://fb.me/7ZTazvgVY ","0","0"
"In 9 Seasons of IPL, Australian captains have lifted trophy 3 times. While India captains have lifted it 6 Times :) #RCBvSRH","0","0"
"Delhi Daredevils supporters like me can proudly boast that our team beat the IPL Champions twice in the league stage. :P #IPL9","0","0"
"Hard luck #RCB Congrats #SRH It was hard to decide which team 2 support..:) Paisa vasool final.. Will miss #IPL #RCBvSRH","0","0"
"Cricketing marvels aside, this IPL will be remembered for most passionate & animated cheergirls :p","0","0"
"Any way... Congrats #OrangeArmy; the IPL version of #1 PerthScorchers #2 Netherlands Yeah, all above are/were Orange Army :D #PlayBold #IPL9","0","0"
"RCB : This time we will be winners of IPL . Me : Indha vaati Kandipa 'A' grade vaangiruven ma . # So close :)","0","0"
"The most loveing cricket team in the world never won titles. Its SouthAfrica in International & #RCB in IPL :p... http://fb.me/2KeCTM0eN ","0","0"
"Cricket Win In This Season Of #IPL :D No Big Names, No Home Crowd Support Only Good Game Of Cricket ^_^ True #Champion Deserved #Winner","0","0"
"Dear RCB fans this match was indeed fixed , Every IPL was fixed except 2012 & 2014 . sach mein :P","0","0"
"Seeing orange color around the screen; gives me feel of the battery saver mode. #Srh #Ipl Well deserved victory! :D","0","0"
"I never thought Some csk fans in my list were this dumb :) PS : Applies only to " No Csk No IPL - CSK 1 - CSK 2 - RCB Lost  " Ppl","0","0"
"IPL 2016 will be remembered as Kohli's IPL.You may have lost the finals but have won millions of hearts! :) pic.twitter.com/bOMhpVVhRa","0","0"
"Haan bhai tu kuch bol raha tha :p btw congrats #rcb ipl jeetgayi @vishang3924","0","0"
"That's confidence :)!Batting first in bLr n Winning the Match like boss !!Great stuff @davidwarner31 !Congrats Srh ! #SRH #RCBvSRH #IPL","11.0168445","76.95583209999999"
"This was one of the best IPL finals. Good batting, bowling & a close finish. What a match! RCB needed a Dhoni to win. :p #RCBvSRH #IPLfinal","0","0"
"DMK might have lost the elections!! But they have won the IPL!! Sun Risers (Udhaysooriyargal) Hyderabad :P","0","0"
"#RCBvSRH Dhoni has - World Cup, World Cup T20, IPL trophy.. So does Yuvraj Now ! :)","0","0"
"RCB is the England of IPL! Eternal finalists. :-)","0","0"
"Happy that Yuvi has got an IPL cup to his name :) Well deserved for the champion player :)","0","0"
"49.99% people are happy for SRH. 49.98% people are sad for RCB. While 0.03% people are crying No Csk, No Ipl :D LOL #Fixers :D #RCBvSRH","0","0"
"@MarihaJabin individuals can't win a tournament :) this IPL proved it :)","0","0"
"Sunrise Hyderabad won Ipl Final.. Rcb Choked... :D HaaaaarCb :D Srh Deserves to b Ipl Champions..... Welldone Warner And Co.","0","0"
"இன்னும் ஒரு IPL .. பிறகு சிங்கம் என்ட்ரி :)))","0","0"
"No orange, no red, khatam IPL now get to your BED :P","0","0"
"Champion !! Champion !! #SRH Is IPL Champion !! Champion !! With Our Star 31 Jersey @davidwarner31 !! ;) :)pic.twitter.com/2eXd9kpobh","0","0"
"Played his first IPL, Won the final & everyone's heart B| Thats Fizz for you :) Final like a true final :D... http://fb.me/2z38AGc82 ","0","0"
"Though DMK (Rising Sun) lost the elections Sun Risers have managed to win the IPL :P #Lifeisacircle :D","0","0"
"Wow !!! What a great victory for SunRisers Hyderabad.Good to watch Mustafizur Rahman in IPL - Indian Premier League final match :)","0","0"
"Another disappointing season but they have never disappointed us in terms of entertainment & that's what IPL is all about. Thank you RCB :)","0","0"
"FROM almost getting out of the ipl TO reaching the finals! @RCBTweets proud of you boys :)","0","0"
"Congratulations to Sunrisers Hyderabad. Biryani treat for everyone in #IPL today. :P #RCBvSRH","0","0"
"Congratulations SRH...!! IPL trophy back to Sun TV headquarters in Chennai....:D http://fb.me/1bcD8M0Pv ","0","0"
"Hence #RCB are called "South Africa of IPL" over years & years :P #IPL2016","0","0"
"SHANE WARNE, ADAM GILCHRIST, DAVID WARNER :) #LEGENDS #IPL #CHAMPIONS #AUSSIES #RCBvSRH","0","0"
"Good to see Mustafizur win IPL trophy on his maiden stint. He made major contribution too. It has been a great learning curve for him :)","0","0"
""we have got our weather back, who needs IPL" :D #bangalorehttps://twitter.com/The_Kulk/status/736982783378083840 …","0","0"
"congratulations SRH for winning maiden IPL...And best chokers of ipl award goes to one and only team rcb :D :D","0","0"
"Congrats Fizz n his team :) — watching IPL - Indian Premier League","0","0"
"Congrats Hyderabad sunrisers for winning Vivo IPL - 2016 :) #SRHvsRCB #IPLFinal — feeling happy","0","0"
"And another superb season of #IPL ends on a high! Over 400 runs scored in the final! @SunRisers deserved to win their maiden title! :)","0","0"
"A big thank U 2 all of you, 4 making this #IPL so interesting with all those amazing updates! We'll be back with the results :) #IPreferLess","0","0"
"@RCBTweets Showed great class like @realmadrid but still finished Second :p #IPL #RCBvSRH","0","0"
"Tirumalsetti Suman is an IPL winner. :D","0","0"
"@imvkohli Congrats Kohli For Became Orange Cap Winner :D 973 Runs Highest Ever In IPL","0","0"
"@F_For_Fasi i dont even watch ipl or care :p i just watched the final and was supporting warner","0","0"
"@nehasanghvi Yes! Cheers to that :) @IPL @SunRisers","0","0"
"RSA in Cricket World and RCB in IPL :) Mother of Coincident :O #RCBvSRH","0","0"
"Barring Sunrisers this time and Rajasthan in 2008 the table toppers have never won the IPL. It always was the runners-up! :) #SRHvRCB","0","0"
"When there is a Bangladeshi... At the end you will win :D #fizz #ipl2016 #mustafiz — watching IPL - Indian... http://fb.me/1EkOnqKHS ","0","0"
"one more lover of IPL :D https://twitter.com/sameens89/status/736984137492537344 …","0","0"
"Done with #IPL !! Ready for next Challenge :)","0","0"
"It was the first @IPL final for @YUVSTRONG12 & he won it :). #OrangeArmy #RCBvSRH @SunRisers","0","0"
"#SRH won d ipl 2k16 #warner gud knock gud captaincy ovr al grt win :) #RCB #kohli led frm d front but stil... http://fb.me/3Cz7TmAdD ","0","0"
"Sunrisers Hyderabad IPL 2016 Champions :) New Champions <3 Best bowling side wins over best batting side ;) Well... http://fb.me/6b600DUTo ","0","0"
"Hyderabad Nawaabs ( Sun Risers Hyderabad) Won The Match :D Congrats To Hyderabaadis <3 #IPL Jai Telangana","0","0"
"Ohh! #RCB loose  but well played  Congratz #Sunrises_hyderabad they really deserved this Huge Achievement :-) #IPL_final <3","0","0"
"#RcbvsSrh Congrats Hyderabad for winning the final match of IPL . Biggest congrats to whole team of sunrisers!!!!!!! :):):):):)","0","0"
"So, Vizag's favorite cricketer @davidwarner31 wins the IPL! :D #RCBvSRH","12.9715987","77.5945627"
"Ipl trophies: Sohail tanvir 1 out of 1 Kohli 0 out of 9 :p","0","0"
"Finally IPL 9 winners.... :) Orange army rocks. Respect Ka boom Warner and Fighter Yuvi. #bleedorange — feeling crazy","0","0"
"Going to bed singing GO GO GO GO GO HERE WE GO WE ARE THE ORANGE ARMY!! :D :D Congo @SunRisers #Champz #IPL","0","0"
"29th may ........ ucl/ipl .........cr7/fizz ................... :)","0","0"
"The year I don't follow IPL,Yuvraj's team wins it. :)","0","0"
"#Hyderabad ke poTTay log :-) #IPL","0","0"
"Sunrisers are the 2016 IPL champions.. :) Champion They Are Real Champions.. :) Well Played #Warner won the IPL Single Handed.. :)","0","0"
"David Warner brilliantly steered the whole journey to IPL trophy thru awesome performance and team mobilization. :) https://twitter.com/ESPNcricinfo/status/736982793951940609 …","0","0"
"Great captaincy @davidwarner31 !! Congratulations on the IPL win!! :D","0","0"
"குரைக்கிற நாய் கடிக்காது கண்ணு ;) ;) :D #SRH Won The IPL 2016 Trophy B-)","0","0"
"Hardwork Never Fails #Hatsoff David Warner and his Team #SunrisersHyderabad Won d First IPL Tittle :) :) (y)","0","0"
"Match winner blowing #bhuvi :) 2016 ipl winner #sRh ;)  ky hua #rcb_walo_playbold ? lol :D — feeling proud","0","0"
"supported SRH during the whole season of IPL..and they are the champion..congratulation orange ARMY. :)","0","0"
"@BrawnyGirll @Ishaa0810 IPL ki kuda edava OAs enti asalu edistey entha edvakapothey entha :D india match aitey feel avvali manam","17.3271135","78.5912409"
"Deserving victory for Warner & company :-) Hyderabad won this IPL..... Cricket Rocks But still I want RCB to win this one :-)","0","0"
"Sunrisers Hyderabad - IPL Champion <3 Warner, Fizz & Bhuvi all played amazingly :) (Balanced team)","0","0"
"Congrats @YUVSTRONG12 you deserved it in IPL 1 but better late than never. Another trophy :) #RCBvSRH","0","0"
"#SRH lifts the IPL 2016 :-) @davidwarner31pic.twitter.com/tIZBlHKRoR","0","0"
"Hyderabad only city to win #IPL with two different teams :) #SRH","0","0"
"Wonder why Kohli Saab is not punching the air and showing his antiques :)) Arrogance doused till 2017 IPL....","0","0"
"RCB with IPL cup better love story than twilight's  :p","0","0"
"Official chokers award is given to RCB from South Africa. :P #SRH #IPL #RCB","0","0"
"Congratulations @SunRisers for winning the VIVO IPL 2016!!! :D","0","0"
"@SunRisers IPL 2016 Champions! GETTIN! :D #OrangeArmy #IPLfinal #IPL2016 #sunrisershydrabad #RCBvSRH WOOOOOOOOOOOOOO!!!!!!!!","0","0"
"Congrats @SunRisers for the first IPL title!! :) And congrats @RCBTweets for being the deserving finalists. #RCBvSRH #IPLfinal","17.385044","78.486671"
"So Sunrisers Hyderabad are 2016 IPL champs :-) ...Great!! #RCBvSRH. Gayle's & Kohli's smashing innings in vain :-(.","0","0"
"Congratulations @SunRisers on winning first ever @IPL Title Well played @davidwarner31 @YUVSTRONG12 @Cuttsy31 & all :) #OrangeArmy #RCBvSRH","0","0"
"Congratulations @SunRisers on winning the IPL ..well played..:-)","0","0"
"Yesterday won UCL today IPL :D lucky me ;)","0","0"
"Initially Deccan Chargers and now it is Sun Risers Hyderabad , SRH won the IPL :)","0","0"
"SunRisers Hyderabad-Best bowling side in Ipl...Bowlers take a bow....Hats offf...Congratulation 2k16 winning team....:)","0","0"
"SRH is a CHAMPION. Wow Congrats!! Underdogs winning the #IPL2016 reminding me of Rajasthan Royals winning IPL in 2008. :) #RCBvSRH #IPLfinal","0","0"
"Yay yay yay yay yay yay yay ! @SunRisers the champs :) #IPL","0","0"
"No CSK in Finals but team owned by Sun TV wins IPL finals.. Some consolation for CSK supporters :P","0","0"
"Dill khush hw gaya Congrattsss .... #Sunrises_hyderabad :* :* #kholiii ;) IPL_Final :)","0","0"
"SRH won.! Best match of this IPL season. Great game from both the teams. :) (y)","0","0"
"Well done SRH. Thanks for a good IPL final. :-)","0","0"
"Bangalore is a wonderful city but then when you get stuck in traffic this is what happens :) #IPL","0","0"
"RCB is the South Africa if IPl.. :p #RCBvSRH","0","0"
"Congratulations #OrangeArmy :)* New IPL Champions @SunRisers #RCBvSRH","0","0"
"Sunrisers Hyderabad Won The Final Of IPL 9 !!!!! Congo Srh :-) Well Played :D #VivoIPL #srhVsRcb #OrangeArmy http://fb.me/HLcckKph ","0","0"
"This is what happens when u dont give batting to your middle and lower order all through the IPL season :P #RCBvSRH #IPLfinal #IPL2016","0","0"
"so our Fizz won the IPL on his debut season. #IPLfinal :D #fb","0","0"
"SunRisers Hyderabad Champions Of IPL 2016... :) :) #IPL2016","0","0"
"Congratulations @SunRisers on winning first ever @IPL Title Well played @davidwarner31 @YUVSTRONG12 @Cuttsy31 & all :) #OrangeArmy #RCBvSRH","0","0"
"I think RCB is the Leonardo DiCaprio of IPL . . Innum moonu finals vanthu than win pannuvanga pola :p #Poche #Poche :p","0","0"
"Congrats Sunrisers Hyderabad! You were superb during the whole IPL-2016!! :)","0","0"
"Well done The Fizz, well done Sunrisers. You deserve it. :) :) — watching IPL - Indian Premier League","0","0"
"-Congratulations Sunrisers Hyderabad For Winning Ipl Season 9. :) -But Rcb Deserves It. Khair Hy. :)","0","0"
"@Miss_Nepal7 hernus hami ta hasincha .. baal chaina .. esto IPL ko :D khasai hereko ni haina","0","0"
"Congratulations for winning the IPL... #Champions :) @RJdevaki @SunRisershttps://twitter.com/RJdevaki/status/736973534308667398 …","0","0"
"Congrats SRH....:-) — watching IPL - Indian Premier League","0","0"
"Yuvraj played under so many captains, finally Warner fulfilled his dream of winning the IPL Trophy! :D #RCBvSRH","0","0"
"#RCBChokes again... #SRH are CHAMPIONS of #IPL2016 #IPL9 Yuvi finally gets the IPL trophy :D One Man who leads... http://fb.me/4Od4o0ONj ","0","0"
"Best IPL ever :-) #RCBvsSRH","0","0"
"No Super over in the whole IPL ? :)","0","0"
"@AvBfrever yep, Cutting hit 117m six in the last over :) that's the biggest of IPL so far.","0","0"
"Today I m watching first match of Ipl 16 & supporting a team :)","0","0"
"Heartiest Congratulations to my hero @YUVSTRONG12 .. U r a IPL champion now.. :)))) #IPLfinal #RCBvSRH","0","0"
"Not Interested In Cricket Much... :( But It's "IPL" Man... :p :p #Supporting #RCB #MyTeam (y) (y) — watching IPL RCB vs SRH","0","0"
"Sunriser's Hyderabad the 2016 IPL champions :-) congrats all of them David warner u beauty hard luck virat","0","0"
"Stuart Binny right now :p #RCBvSRH #IPL pic.twitter.com/gPjJRWHDe7","0","0"
"Go SRH! Fully deserve to win! I became an SRH fan after watching Warner's innings at the Kotla the other day! :-) #ipl #srhvsrcb","0","0"
"So which ad did you find most annoying during the IPL? :-)","0","0"
"#IPLfinal #RCBvSRH #SRH Go Sunrisers Hyderabad :) @Cuttsy31 @Mustafiz90 @davidwarner31 @YUVSTRONG12 @SDhawan25 @BhuviOfficial Win the #IPL","0","0"
"What a FAIRY TALE it will be #viratkohli to lose the final on his home ground? No :P #RCBvSRH #SRHvsRCB #IPLfinal #IPL2016 #IPL","0","0"
"Shane Watson history with 1 Season Rajasthan Royals: Won Sydney Thunders: Won Islamabad United: Won #RCB : Hopefully Win :) #IPL #eit20","0","0"
"Sunrisers keep going! :) IPL 2016 is yours #RCBvSRH Loving each and every moment of it!","0","0"
"Ipl Ipl Evrywhere Lets Hope Kohli's team losses :D http://fb.me/7icx3RZV6 ","0","0"
"IPL's screenplay & direction are designed for Betting. Final is no Exception too. :) #RCBvSRH","0","0"
"Final mtch!!!IPL!!! Rcb! @imVkohli all rounder player!!! Rdy to prty!! In spprt of rcb!!:)","0","0"
"@iarunsb will resume there when there are International matches going on :P here, the response is better for IPL.","17.385044","78.486671"
"The match can turn anywhere now. Though, it's sure that it will go south :P #RCBvSRH #iplfinal2016 @IPL","28.4089123","77.3177894"
"IPL bhi rishtedaro k jesi hai, pasand kisi ko nahi per jab ghar aye toh ignore nahi hotay :p #IPLfinal #IPL2016","0","0"
"@its_rubbina mazaq yar ;p me to phla match dekh rhi Ipl ka aj :D","0","0"
"@_DON_1978 :))) kishore kumar his team decide who wins ipl; ) apdi sonnaan @CaDer_05","0","0"
"ABD has just choke :p Proving the choker tag :p :p Game on !!!! — watching IPL - Indian Premier League","0","0"
"well sunrisers arw back in the game!!! :) — watching ipl final","0","0"
"#Virat IPL Runs - 973 :) <3 Great (y)","0","0"
"Viraaaaaaaaaaaaaat :D What a player!! RCBBBBBBBBBBBBB What a play Go Challengers (y) — watching IPL RCB vs SRH","0","0"
"#Virat Unstoppable :* This Year #IPL :* :) 1000 Now Possible :D","0","0"
"NAHIII TOHHH ? IPL KYA CHEEZ HAIN ? #NoIdea :Phttps://twitter.com/BeingDivya16/status/736970559079260160 …","0","0"
"ipl बारे लेखेर नयाँ शक्तिको लागि भोट पाउँला भन्ने सोच्या होलान ! :))","0","0"
"AB u've to finished of this now. Common :-) #IPL","0","0"
"Gayle to aise khel rha h jaise ise hi Vijay Mallya ka loan chukana ho :P  — watching IPL RCB vs SRH","0","0"
"If a boy rape one boy called gay. If a boy rape 11 boys called gayle :D #ipl_2016_Final","0","0"
"How could be IPL final story ended without @imVkohli and @ABdeVilliers17 partnership. :) Gayle just got out. . #RCBvSRH #IPLfinal","0","0"
"@ByeArmish but but its ipl :/ boycott scene he :D","0","0"
"Am i the only one whos not interested in ipl :p? Ek bhi EPISODE nai dekha.","0","0"
"RCB RCB RCB For Victory :p — watching IPL - Indian Premier League","0","0"
"@linkrajesh sure! I am not a hardcore fan of IPL but yes, we can compete for the test matches and the World Cup :)","0","0"
"100 up for RCB in no time :) . # setting new standards for IPL batting !","0","0"
"Bhago Bhago #SRH walo #Gayle_Storm aaya. :D Hope #RCB will win this contest #iplt20 #iplfinal — watching IPL - Indian Premier League","0","0"
"@Balasgurus_ :P naanum IPL start anadhula iruntha thedikitu thaan irukken.. kaanum :))","0","0"
"Chris Gayle just made an absolute mockery of the best bowling team in this IPL so far! Loving it! :D #RCBvSRH #SRHvsRCB #IPLfinal #Gayle","0","0"
"Gayle is doing Gang Keema :D :P — watching IPL - Indian Premier League","0","0"
"Pura Ipl Nehi khel paya banda,wait kr rha tha iss match ka :D #GayleStorm","0","0"
"When Chris Gayle Bats there is more pressure on Cheer-leaders than the bowlers :D #RCBvSRH #IPL #eit20","0","0"
"Best Bowling Lineup @henrygayle be like : Haha Hahaha Bwahahahahaaha SAVAGE :D #RCBvSRH #RCP #IPLfinal #IPL","0","0"
"Electrifying enthusiasm amongst fans @IPL @BCCI ! Watching the final w/ @SadhguruJV Ji :-)pic.twitter.com/40ZXn4mdty","0","0"
"IPL mein aisa lagta hai jaise Saas .. bahu aur nanad ki ladai chal rahi ho :)) is liye is se door rehta hu :D","0","0"
"aur Hyderabad Ko pel Rahe hain Gayle...Panic stations for Hyderabad... "Aaaar ceee beeee" :D — watching IPL - Indian Premier League","0","0"
"Chalo ! Congrats to RCB fans , Time to unwind. Celebrate your First IPL Cup. :-)","0","0"
"@AaDiii_TaNoLi @UsmanJanjua01 @biaahmad599 @TrustPmln IPL Final :))","0","0"
"It's Gayle storm at Bengaluru.. Siddhu is so excited, he is yelling even at replays!! :)) — watching IPL Final... http://fb.me/7T78ingD6 ","0","0"
"The @IPL tweets are coming faster than @SuperSportTV's broadcast :))","0","0"
"@IPL_Actu Good to hear! :)","25.7616798","-80.1917902"
"Smart play by @imVkohli let @henrygayle hit the ball in all corners, 50 partnership is up where kohli scored only 6 :-) @IPL #SRHvsRCB","0","0"
"#IPL - Is Chris Gayle gonna win the final all by himself??:) #RCBvSRH","0","0"
"So it's IPL final, just knew that :p","0","0"
"Much less of an anti national than the likes of me who haven't watched a single IPL match of any season :) https://twitter.com/sanjayuvacha/status/736924757116002304 …","0","0"
"Ipl now :) - come on RCB","0","0"
"Most of the IPL Fans supportimg RCB tonight including me :D #RCBvSRH #IPreferLess @inshorts","0","0"
"Delighted to see @SadhguruJV at the @IPL Finals... :-) #RCBvSRH @vgopss @_Rahul_Dubey","0","0"
"The atmosphere at the stadium looks crazy!! IPL9 hasn't even finished and I'm excited for ipl10 !! :D :D #IWillBeThere #IPL","0","0"
"#RCBvSRH: dhating dhating dhating nach....cutting cutting cutting nach :) 39 off 15 balls - Superb batting by Ben Cutting #IPLfinal #IPL","0","0"
"माँ कसम चिर फाड़ देंगे..!! :) @IPL @imVkohli #IPLfinal #RCBvSRHpic.twitter.com/3vmvxXQBdU","0","0"
"In Last season of IPL, #MI set similar target in Final and won the trophy :) #RCBvSRH","0","0"
"It took Final match of IPL to get Longest Six of the season *__* Awesomeness of IPL :) #RCBvSRH","0","0"
"@aqsaNess @IPL @BCCI @chopraanjum Along with male commentators ofcourse :)","0","0"
"Longest Six in IPL ever is by #AlbieMorkel 123M .. #CSK Da :)","0","0"
"I think 160 Million Bangladeshis are supporting the #OrangeArmy at this moment #IPL :)","0","0"
"@aqsaNess @IPL @BCCI @chopraanjum respect your preference mam .. do you respect ours :)","0","0"
"If there is an IPL match to watch, then let it be the final one. :) #RCBvSRH","0","0"
"208 is good too. :-) #IPL","0","0"
"Ipl finals aam :)","0","0"
"रनको अपडेट माग्ने मनुवाहरुलाई के भम्न चाहान्छु भने, खुरुक @ipl मा फलो गरे भइगोनि नौटङ्कि हरु :)","0","0"
"Cutting edge frol cutting :D #RCBvsSRH #IPL","0","0"
"Just to give RCB some confidence, this is how they did the last time they reached the IPL final. :-) #RCBvSRH http://www.espncricinfo.com/indian-premier-league-2011/engine/current/match/501271.html …","0","0"
"what a great innings Cutting and Warner and Yuvi :) Mistafiz now it's your turn :) — watching IPL - Indian Premier League","0","0"
"What a Six #Cutting :-) 117 Meters,,,,,, :-) ২০৮ রান #হায়দ্রাবাদ :-) ২০৯ এর টার্গেট :-) — watching IPL - Indian Premier League","0","0"
"Enough Runs on the board for Kohli to reach 1000 mark this #IPL2016 :) #ipl #RCBvSRH #RCB #eit20","0","0"
"Whatta Cameo By Ben Cutting :) Expected one !!! Come On RCB :) :D :D #SrhvsRcb #IPL #Final","0","0"
"52 runs in last 3 overs.. rocking.. go Hydddddddd... :D #SRHvsRCB #IPLfinal #IPL2016 #IPL","0","0"
"208-8 Two consecutive 200+ scores in IPL final Mumbai did it last year now SRH :D","0","0"
"#Cutting U Beauty :* <3 :* #IPL :) #SRHvRCB ","0","0"
"KKR chased 190+ in IPL 2014 Final on same ground so i don't care who wins i just want Epic Final match and nail bitting finish :D #RCBvSRH","0","0"
"Cutting ne last year IPL ka sabse longest six mara tha :D #JustSaying #RCBvSRH","0","0"
"Was just wondering how it would have been if the great wasim akram with all his variations played IPL :) #IPLfinal #wasim akram#RCBvSRH","0","0"
"So Either it will be 1000 Runs record in IPL, ABD's miracle inning or SRH winning Trophy :) Too Much Fun :D #RCBvSRH","0","0"
"Right now, Tom 'not in a good' Moody. :D — watching IPL - Indian Premier League","0","0"
"All I want is @davidwarner31 to win this @ipl . Yes,Sun is gonna rise,c'mon @sunrisers :)","0","0"
"PSA: Schools reopening next week and also rains starting, expect a lot of traffic and weather tweets from Bangalore. And also IPL victory :D","0","0"
"Ipl khatam hone wala h.. sooryavansham ki dvd taiyar krlo #setmax walon.. :D","0","0"
"Keep calm and support #RCB (y) world's biggest hitters VK n ABD.... :) — watching IPL - Indian Premier League","0","0"
"Most of IPL Fans supportimg RCB tonight including me :D #RCBvSRH #IPreferLess @inshorts","0","0"
"@sha2nk99 My bro n dad r watching ipl with tamil commentary & that's enhancing the humour quotient & keepin them hooked on :p","0","0"
"I read the news of IPL next day in paper to secure my residency status :P https://twitter.com/sanjayuvacha/status/736933630136573952 …","0","0"
"Feeling #Hopefull Kohli gayle ftw :D lets see KG Mothsar — watching IPL RCB vs SRH","0","0"
"LOL!! on my TL i see lots of Supporting for #RCB but I want #SRH to Win this IPL #OrangeArmy #MotherLand Feels :P","0","0"
"#RCB 2 Finals #IPL Chasing :D Let's see Tonight!","0","0"
"Watching @IPL finals with chilled beer @FostersIn new frosted glass :)pic.twitter.com/yoTQZHBLAv","0","0"
"Sunrisers Hyderabad will win todays final :) best of luck boys This #Ipl is for #Mustafizur the #Fiz #SRHvRCB #Ipl2016","0","0"
"bache sare ipl ch wade aa te ethe TL da ground mere lae wela pia h :)","0","0"
"Can't even enjoy my favourite Yuvi at his classical best coz am supporting Virat.. IPL.. Confusiya deta hai :-) @bhogleharsha @sherryontopp","0","0"
"@AllTimeBakchod har saal yahi vote karaate hain....aur har saal uss IPL ko jita dete hain. Chutiya samajh rakha h public ko !! :D","0","0"
"RCB ले अरु टिमलाई IPL अवधिभर जे हाल गराएको थियो त्यही हाल गर्दैछ आज SRH ले RCB लाई।:)) #RCBvSRH #IPLfinal","0","0"
"#SRH <3 :) — watching IPL Final 2016 RCB vs SRH","0","0"
"Retired from IPL in 2013 and still in TOP 20 Leading Run Scorers in IPL History :) 78 Matches,2334 Runs,13(50's)... http://fb.me/74orZalT7 ","0","0"
"Warner deserve a 100 in this IPL :p #RCBvsSRH","0","0"
"#ShikharDhawan out :'( but happy to see he is in top 5 scorers of this ipl :) Haters go to hell now","0","0"
"First IPL final for Yuvi. Big match player. But, IPL & Yuvi never gone together :-)","0","0"
"#Fizz is back :) #<3 Fizz #Unstoppble warner :) #go orange Army — watching IPL - Indian Premier League","0","0"
"Haha.. Ravi shastri never disappoints. IPL Went down to the wire. :D #RCBvSRH #IPLfinal #IPL2016","0","0"
"Didn't see a single #IPL match this year #yet.. but Will Hyderabad, I mean.. #SRH lift this cup... :-) — watching... http://fb.me/7thBmNEJ1 ","0","0"
"Supporting the Fizz. Hope he can get Kohli in the 2nd innings :D — watching IPL - Indian Premier League","0","0"
"Ivy Mae helps her dad David Warner ahead of the IPL - Indian Premier League Finals :) http://fb.me/8iefENLD3 ","0","0"
"#Dhawan This Year #IPL Runs - 500 :o :0 To High :p Now 4th High Score Runs Getter (y)","0","0"
"Saturday night UEFA championship Final, Sunday Night IPL final :D What a weekend (Y) #IPLfinal","0","0"
"Awaiting for the 2nd Cup :D Home Town <3 — watching IPL Final 2016 RCB vs SRH","0","0"
"@CallmeAmmyy IPL this time warner :)","0","0"
"@aamod_desai I actually haven't watched much of the IPL at home. Only watched the games I covered from the stadiums. :P","0","0"
"Will be curating @WeAreBangalore till the end of the IPL. Banni cheer maadi :)","0","0"
"@PaddyBriggs sorry paddy confused you, I'm listening England v Wales rugby on radio but can hear the IPL from my apartment :-)","0","0"
"That's sportsmanship.. (y) :) #warner_Gayle..:) — watching IPL Final 2016 RCB vs SRH","0","0"
"The funk nearly worked there. Has Chris Gayle dropped the #IPL? :) #RCBvSRH #IPL #IPLfinal","0","0"
"RCB!!!!!!!!! #ipl :)","0","0"
"Aaj ka match bhut romanch rhega.. #SRH hi jeetega.. :-) #IPL final — watching IPL - Indian Premier League","0","0"
"I'm with RC Bangalore & you?? Go RCB go for your maiden IPL crown :)","25.6585963","94.10533070000001"
"Come on warner go get it Final srh :) U deserve it man (y) Big fan of rcb but Warner awl the best (y) — watching IPL Final 2016 RCB vs SRH","0","0"
"#IPL Don't know for whom to support today. #RCBvSRH Both team deserve to win. Good luck teams :) And @imVkohli paaaji 1000 bana do yaar :)","0","0"
"Testing Bet 365 :D RCB <3 — watching IPL RCB vs SRH","0","0"
"ThE GrEaT #FiNaLe #KoHLi #FaVoRiTe :) — watching IPL RCB vs SRH","0","0"
"What if he gets to 1k runs in IPL? :D An unbelievable milestone! @imVkohli","0","0"
"All the best champ @imVkohli !! Just a step away to live your dream of lifting that IPL trophy. Go & give your everything! <3 :) #RCBvSRH","0","0"
"@sanjayuvacha I haven't watched IPL for 3-4 years now .. :)","0","0"
"RCB v/s SRH. Soo Excited for IPL-9 finals. :) All tHe beSt #Virat_kohli","0","0"
"RCB lost 2 DeccanChrger in 2009; DeccanChrger left IPL RCB lost 2 CSK in 2011; CSK left IPL Now SRH to make its decision :-) #RCBvSRH (WA)","0","0"
"Kapil Sharma can feel better about his English-speaking skills having heard Vivo India's chairman speak. :) #RCBvSRH $ #IPL #IPLfinal","0","0"
"david warner has won the toss and asked virat kohli to win the IPL :D @rcbtweets #RCBvSRH #IPLfinal","0","0"
"Finally it's getting Over! Sooryanvansham, will be back :) #setmax #IPLfinal #Ipl","0","0"
"Shane Watson history with 1 Season Rajasthan Royals: Won Sydney Thunders: Won Islamabad United: Won #RCB: Hopefully Win :) #IPL #eit20","0","0"
"The big day! All the best RCB! I know you guys can win it today. Its going to be a historic moment with our first IPL win on home ground :D","0","0"
"good luck champ (Y) :) @imVkohli #RCBvSRH #RCBvSRHonHotstar @IPL @IPL2016","0","0"
"@nivedithg @RCBTweets @dhempe @rohitneema3 @TataZest @rohitsakunia @HimalayaMEN @NagsMr @Hero_Cycles @kingfisherworld @IPL Enjoy :)","0","0"
"A good Sunday after a long long time :D it could be even better if #SRH win today #IPL","0","0"
"Rt if u r not interested about IPL finals tonight like me :)","0","0"
"Say good bye to IPL and it's #TimeToSwitchToFootball :D yes I'm right! Watch: http://elv.li/Htskar  @SonySIX","0","0"
"#ipl all the best @RCBTweets @imVkohli :D only coz of ur team i watch IPL may Allah give u success in today,s match ;) @ABdeVilliers17","0","0"
"@TaintlessRed @AcademyLFC though waiting for ipl finals right now. Probably wont be watching germany play tonight. Keep us updated :)","0","0"
"@SunRisers All Set for The Finals :D #OrangeArmy The trophy will be ours :D @davidwarner31 @IPL pic.twitter.com/uLuYYFImlH","0","0"
"Wishing @RCBTweets all the best for @IPL finals. Looking forward to another century from @imVkohli :)","0","0"
"Common RCB...just win dis ipl match...best wishes 2 u virat kohli and ur team...just show that u r d winner of dis ipl...:-)","0","0"
"Kapil On IPL 6 mins to go for Extra Innings :)","0","0"
"@YUVSTRONG12 @IPL undoubtedly it's gonna be huge . Good Luck yuvi :)","0","0"
"**imagine** if you called a wrong number and it ends up being a celebrity "HELLO MOM" ""NO,ITS VIRAT KOHLI"..:p #fun #ipl #imagine #sarcasm","0","0"
"Gurl... If i replied u during the ipl final match then... Just marry me :D #VIVOIPL #IPLFINAL2016 #RCBvsSRH","0","0"
"@UltraTechCement I'm in guys :D #UnshakableSpirit","0","0"
"When your parents cut the TV CABLE because of addition on IPL but when u have HOT STAR app... :D Never miss the finals #RCBvSRHonHotstar","0","0"
"all the Best King @imVkohli #RCBvsSRH Grand IPL Final :D","0","0"
"@meljones_33 @IPL @RCBTweets @SunRisers That is the beauty of ipl :) #Kohli","0","0"
"How Can become RCB Champion of IPL 9 With Out Play a Ball ? Must Read it If You Want to Know :P #RCBvsSRHpic.twitter.com/Bm0mNx9mEi","0","0"
"No fighting with bro for remote. Now I can watch IPL Finals on Hotstar! Both happy Happy :) #RCBvSRHonHotstar","28.6139391","77.2090212"
"Finally the final of @IPL .,two best teams in the final,. But #rcb is #thebest ,. All the best @RCBTweets .sixes from rcb players bat :)","0","0"
"MS Dhoni & S Raina is Best Captain of dis IPL Coz They Are Cool Not Aggressive Like VK & David #TweetLikeCSKFans :Phttps://twitter.com/RoyalVkohliFan/status/736859652877516802 …","0","0"
"IPL finals .. namma Bengaluru vs sunrisers one of those days ..:-)","0","0"
"ALL THE BEST @YUVSTRONG12 , @davidwarner31 & entire @SunRisers team. We want IPL trophy.. Bring it on.. :) #OrangeArmy #IPLfinal","0","0"
"Two former clients & one of my former employers in the #IPL final tonight :) @imVkohli @SDhawan25 @RCBTweets","0","0"
"Virat Kohli will do something Unbelievable if RCB wins the IPL Final today :D See Here-->http://goo.gl/h1sk9E ...http://fb.me/74Ul2s4an ","0","0"
"@timesofindia @IPL @RCBTweets @SunRisers @TOISportsNews I think Deccan chargers won in 2009! That was team Hyderabad :)","0","0"
"It's gonna be a good day for @TheVijayMallya with RCB winning the iPL and @ForceIndiaF1 scoring maximum points :)","0","0"
"MI - 1.3M RCB - 1.3M KKR - 1.6M ,2nd in the list :D Meanwhile the KING of @IPL @ChennaiIPL - 2.1M Loyal Super fans here #WhistlePodu :)","12.9009877","80.22793009999999"
"AB De Villiers is good at everything :) #RCB #pumpedup #IPL #ABDhttp://fb.me/7jSfCK4Qh ","0","0"
"Cricket. Cos IPL sucks. :P https://twitter.com/abpnewstv/status/736878568886525952 …","0","0"
"@NagpurHaldirams @SunRisers @IPL Ready!! Go ahead show your talent!! Don't be tense!! #orangearmy :) #GO #GO #GO","0","0"
"Why miss out watching IPL finals when you got Hotstar with you :) Download the Hotstar app and catch the action live ! #RCBvSRHonHotstar","0","0"
"I am super excited to watch the IPL Finals on Hotstar and cheer out loud for RCB :D #RCBvSRHonHotstarpic.twitter.com/cvyzYjHDyT","0","0"
"Now you can see IPL final online only on hotstar :) this is amazing :) #RCBvSRHonHotstarpic.twitter.com/EhOZZ1pJSf","0","0"
"Meanwhile a few People around Want both of the teams to Win this #IPL title! Hey Lord Bhansode, Utha lo Unko :P #RCBvsSRH","0","0"
"Why missout on all the fun of IPL finals , Watch it on Hotstar :D #RCBvSRHonHotstarpic.twitter.com/dlI9MnIJ0C","0","0"
"Last time wen hyd won ipl title. it was RCB the opponent and hyd had an australian skipper too :) hope history repeats @SunRisers #Yuvi","0","0"
"Friends don't miss to watch IPL Finals... but not on TV... now watch it on HOTSTAR :) #RCBvSRHonHotstar","0","0"
"#RCBvSRHonHotstar No power cuts. No hindrance. Watch it any where. I'm going to the terrace & watch the much awaited IPL Finals :)","0","0"
"Tomorrow is exam and today is IPL's final :) #RCB","0","0"
"@NagpurHaldirams @SunRisers @IPL play good cricket and don't feel pressure All the best #orangearmy :) #GO #GO #GO","0","0"
"There comes the final game of this season's #IPL It's our hyderabad vs banglore Who winss ? We all get 2 knw tonight :) Dnt miss it #RCBvSRH","0","0"
"If IPL teams were in GAME OF THRONES! :D via SportsCafe <s00n>","0","0"
"Best captain in this #IPL Vote n RT guys :p","0","0"
"Royal Challengers Bangalore VS SunRisers Hdb screening tonight.. More info - 020 40054001/02 #IPL #RCBvSRH #blueFROGPune Free entry :)","0","0"
"See where @ImRo45 is standing. :) #IPL pic.twitter.com/6qRFS6UsVR","0","0"
":D 2018 First team to win @IPL 3rd time :) https://twitter.com/AltCricket/status/734393674138800128 …","12.9009877","80.22793009999999"
"#IndianWomen #Women How IPL changed Chris Gayle's world: It's like nothing else cricket ha... http://bit.ly/1OVctwb  #WomensCricket :-)","0","0"
"Today #IPL Final Game 50-50% Tha Both Team's ;) Yaruvenna Win Pannalam :D :D :D Support #RCB For Only #Virat #ABD :) #RCB Win Panna Sema …","0","0"
"@Ramzi5467 Nahi nahi kabhi nahi.. :) We will surely get a match and @RCBTweets will lift maiden @IPL title","0","0"
"Beer Vs Biriyani today :).... #IPL #SRH #RCB !...... Go Hyderabad go ...... http://fb.me/2uNqrEBER ","0","0"
"@Mayor_Sports #IPL2016 #IPLContest #IPL #IPLQuiz #Cricket #Mayor #MayorSports Royal Challengers Bangalore will win :) @BharatMaheshw16","0","0"
"IPL Scriptwriters please take note :) https://twitter.com/kskirun2090/status/736827732185755648 …","0","0"
"In This IPL RCB Played Like champions. They hve Stolen Our Heart By Their Performance :) #5050Fusion @Britannia5050 @RCBTweets","0","0"
"Today IPL Finale :D Excited. RCB V/s SRH. Cheering for both the sides.","0","0"
"फिटिक्कै वास्ता नलाग्या यो पालि को IPL आज बाट सक्किने भएछ....राम्रै भो ! अब युरोकप लाई स्वागत गरिन्छ :))","0","0"
"It's big #IPL #Finale today :) Get set ready ! #RCBvSRH Don't miss it. Live from 8 pm onwards. Which team U want2win","0","0"
"@nancystar66 @RCBTweets @IPL even thought match gets washed off on both the days @RCBTweets will win maiden IPL title :)","0","0"
"@YUVSTRONG12 has been a part f U19 WC, CT T20WC ,2011 ODI WC team & now it's turn to be a part of d IPL winning team. Hope it hppns 2day :)","0","0"
"All the best @SunRisers .. we are 1 step closer to the IPL trophy.. Bring it :) #IPLfinal","0","0"
"All the best CHAMP @YUVSTRONG12 . This IPL trophy is urs :) Lets rock it.. #IPLfinal","0","0"
"@ONeilNair1 @swaminathan_384 IPL Finals, there's going to be a Gayle force in Bengaluru tonight,my favs RCB :) pic.twitter.com/1nzfPj1d6Y","0","0"
"It's all happening at the @Bajaj_Finserv timeline who have got us IPL fans truly excited :D #50For4pic.twitter.com/g1s6yiyrpT","0","0"
"badly waiting for ipl finale//...iam sunrisers.......:) :*","0","0"
"Boys/Girls Be Like :P #RCB #IPL2016 #IPL #RCBvsHYD http://fb.me/Pp7s6g4Q ","0","0"
"It's all happening at the @Bajaj_Finserv timeline who have got us IPL fans truly excited :D #50For4pic.twitter.com/fwMjGgOsPf","0","0"
"Heart says @YUVSTRONG12 mind says @imVkohli i think both d team deserve the ipl trophy this year :-) #RCBvSRH #IPLfinal","0","0"
"big game cmng #RCBvSRH:) best of luck @ABdeVilliers17 @imVkohli score atleast 81 runs :P it'll make ur runs 1000 in this ipl season #gorcb","0","0"
"OK OK! Today is the #Final match of the @IPL 2016 :) #SRHvsRCB .... Guess, Who Will Win ?????","0","0"
"Thanks.. Today IPL final RCB VS SRH :) https://twitter.com/shaiktasleem2/status/736796383152197632 …","0","0"
"Two shows with @KananGill & @VamBho today. Expect heavy traffic around the Church Street due to IPL Final at Stadium. Kindly leave early! :)","0","0"
"haven't seen a single IPL match this season... 1/10 2016 Resolution complete :) #IPL2016 #IPL #IPLfinal","0","0"
"@Bajaj_Finserv We IPL fans after coming across the #50For4 contest. :Dpic.twitter.com/hzgo4Ke0YK","0","0"
"IPL 2016: 5 reasons why Royal Challengers Bangalore will win the tournament :D Details: http://goo.gl/TsXQB7 http://fb.me/872pCvC94 ","0","0"
"@SunRisers All the best @IPL #IPL9 #IPL #IPLT20 @SonySIX @SonyMAX hope u wl win this IPL #IPLFinale #IPL9FINAALE #SRHvsRCB #SRHvRCB Love :)","0","0"
"@SunRisers Congratulations! @IPL #IPL9 #IPL #IPLT20 @SonySIX @SonyMAX #VIVO1PL #eit20 #EkIndiaHappywala #SRHvsGL #SRHvGL :)","0","0"
"It's match day :D #IPLfinal #IPL #RCBvSRH #OrangeArmy @paturis","17.385044","78.486671"
"Ye lo Aaj #IPL ka #Final hai And I'm 0% Excited because of #uclfinal (BC abhi bhi football fever nhi utra) :D","0","0"
"@jungebohara :) barbad bhayo ni. Bhare feri IPL pani hernu chha :)","0","0"
"Good Morning Champ @imVkohli :))) Hope We Will Win IPL 9 Trophy , #Aameen You Guys Deserve Good Luck CHAMPIONS @RCBTweets","0","0"
"अब आज राती SRH लाई IPL मा जिताउनु पर्छ :)","0","0"
"And a washout IPL final tmmrw :) https://twitter.com/auldtimer/status/736542665915793409 …","0","0"
"Happy to know that opening ceremonies are as boring elsewhere as in cricket/IPL. :D","0","0"
"@henrygayle pls apply fr Indian citizenship! u rock n roll like a boss love watching you :D nd wish u ol da bst f ipl final :*","0","0"
"@IPL_Actu je partage si un jour j'ai un iphone sa pourra servir :) merci","0","0"
"@m4messi socho football k bhi ipl jaise contests hote to..every week bpl, every month ucl :p","0","0"
"@IPL @imVkohli @RCBTweets Awww <3 and we always will be there to support the entire team! :) #RCBianforlife","0","0"
"@TuahaSohail Anushka is ruled out :P Rest all the actresses aren't much associated with the IPL.","0","0"
"@IPL_Actu je tente merci :)","0","0"
"Haha! @henrygayle Tonight he is entertaining us in Kapil Sharma Show, tomorrow he will be entertaining us in IPL Finals! :D #TKSS","0","0"
"@_ting_tong i am too happy. meri team IPL jeet gyi :P @ImAbhishek_ @IamSohal_Yuvian @imGkhosla @RitikaSays","0","0"
"@Virats_cutiepie @IamVShilpa @IamVK_Fan1 @aditisona202 @Aishee_vd @dakshatewari @LamishaTanzim @imVkohli IPL Winner n player of the IPL :)","0","0"
"@ihqneen let them rls d logo first :D & i wanted dem to start d promotion frm Ipl final. Bt phusss... :(","0","0"
"Meanwhile Yuvraj Singh will play his first IPL finals in his Career ... Warner too ... Ada namma #Dhawan also :D :D","0","0"
"This is why everyone loves IPL :D <aVAn> http://fb.me/43NzFdOY8 ","0","0"
"@IPL_Actu ouep et tu l'avais bien dit dans ta vidéo :)","0","0"
"Can't wait for the next IPL season.. wanna see @TheGujaratLions play :) #LionsForever","0","0"
"Nouvelle Vidéo :) grâce à @IPL_Actu Alternative X-Cydia en Mise à Jour 9.3.2https://www.youtube.com/watch?v=hAplohjW6gI&feature=share …","0","0"
"Well played @TheGujaratLions fantastic entry to IPL :) #lionsforever","0","0"
"Bientôt nouvelle Vidéo :) Enorme Merci er soutien à @IPL_Actu car c'est grâce à lui que j'ai pu Re les vidéos :)pic.twitter.com/gDliPWL7lk","0","0"
"Best bowling side + @davidwarner31 :-) but difficult to beat #rcb at home #IPL https://twitter.com/sardesairajdeep/status/736256896366088192 …","0","0"
":) .. #Hotstar has some things better than #IPL :D — watching Sarabhai vs Sarabhai Show","0","0"
"Poor foresight from IPL Website. :P #IPLFinalpic.twitter.com/aRSVENoerA","0","0"
"@pallavisharda real @IPL duty is over but everybody expecting you in a reel duty... next film LOL :) @SonySix","0","0"
"@ImRaina Well done sir.! Gujrat lions performed good.. Expecting more in next season IPL :)","0","0"
"Who will win #IPLfinal ? #RCBvSRH #SRHvRCB #IPL2016 #PlayBold #OrangeArmy @RCBTweets v @SunRisers @IPL last match :)","0","0"
"Well constructed IPL Final. Good to see @YUVSTRONG12 & @imVkohli in the finals.! Confused, whom should I support. #Congrats #SRH #RCB :)","0","0"
"2 indians in top 5. And strange this is , all are captains :) #IPL pic.twitter.com/wTEZWGt6nk","0","0"
"Had You been An Owner to One of the franchises Of IPL, Who Would You have had in Your team Between Kohli & ABD? :P #IPL","0","0"
